-- DATA_PROD.SQL

-- GRANTS --
GRANT ALL ON DATABASE dbkamil_arszagi TO "anthony_maton", "martin_techy", "jonathan_samelson", "fany_bottemanne";
GRANT ALL ON SCHEMA bmobile TO "anthony_maton", "martin_techy", "jonathan_samelson", "fany_bottemanne";
GRANT ALL ON TABLE bmobile.users TO "anthony_maton", "martin_techy", "jonathan_samelson", "fany_bottemanne";
GRANT ALL ON TABLE bmobile.cancelations TO "anthony_maton", "martin_techy", "jonathan_samelson", "fany_bottemanne";
GRANT ALL ON TABLE bmobile.countries TO "anthony_maton", "martin_techy", "jonathan_samelson", "fany_bottemanne";
GRANT ALL ON TABLE bmobile.departments TO "anthony_maton", "martin_techy", "jonathan_samelson", "fany_bottemanne";
GRANT ALL ON TABLE bmobile.mobilities TO "anthony_maton", "martin_techy", "jonathan_samelson", "fany_bottemanne";
GRANT ALL ON TABLE bmobile.partners TO "anthony_maton", "martin_techy", "jonathan_samelson", "fany_bottemanne";
GRANT ALL ON TABLE bmobile.programs TO "anthony_maton", "martin_techy", "jonathan_samelson", "fany_bottemanne";
GRANT ALL ON TABLE bmobile.partners_departments TO "anthony_maton", "martin_techy", "jonathan_samelson", "fany_bottemanne";


-- COUNTRIES --
INSERT INTO bmobile.countries (iso, name_en, name_fr) VALUES ('AD','Andorra','Andorre'), ('AE','United Arab Emirates','Émirats arabes unis'), ('AF','Afghanistan','Afghanistan'), ('AG','Antigua and Barbuda','Antigua-et-Barbuda'), ('AI','Anguilla','Anguilla'), ('AL','Albania','Albanie'), ('AM','Armenia','Arménie'), ('AO','Angola','Angola'), ('AQ','Antarctica','Antarctique'), ('AR','Argentina','Argentine'), ('AS','American Samoa','Samoa américaine'), ('AT','Austria','Autriche'), ('AU','Australia','Australie'), ('AW','Aruba','Aruba'),('AX','Åland Islands','Îles Åland'),('AZ','Azerbaijan','Azerbaïdjan'),('BA','Bosnia and Herzegovina','Bosnie-Herzégovine'),('BB','Barbados','Barbade'),('BD','Bangladesh','Bangladesh'),('BE','Belgium','Belgique'),('BF','Burkina Faso','Burkina Faso'),('BG','Bulgaria','Bulgarie'),('BH','Bahrain','Bahreïn'),('BI','Burundi','Burundi'),('BJ','Benin','Bénin'),('BL','Saint Barthélemy','Saint-Barthélemy'),('BM','Bermuda','Bermudes'),('BN','Brunei Darussalam','Brunei Darussalam'),('BO','Bolivia','Bolivie'),('BQ','Caribbean Netherlands ','Pays-Bas caribéens'),('BR','Brazil','Brésil'),('BS','Bahamas','Bahamas'),('BT','Bhutan','Bhoutan'),('BV','Bouvet Island','Île Bouvet'),('BW','Botswana','Botswana'),('BY','Belarus','Bélarus'),('BZ','Belize','Belize'),('CA','Canada','Canada'),('CC','Cocos (Keeling) Islands','Îles Cocos (Keeling)'),('CD','Congo, Democratic Republic of','Congo, République démocratique du'),('CF','Central African Republic','République centrafricaine'),('CG','Congo','Congo'),('CH','Switzerland','Suisse'),('CI','Côte d Ivoire','Côte d Ivoire'),('CK','Cook Islands','Îles Cook'),('CL','Chile','Chili'),('CM','Cameroon','Cameroun'),('CN','China','Chine'),('CO','Colombia','Colombie'),('CR','Costa Rica','Costa Rica'),('CU','Cuba','Cuba'),('CV','Cape Verde','Cap-Vert'),('CW','Curaçao','Curaçao'),('CX','Christmas Island','Île Christmas'),('CY','Cyprus','Chypre'),('CZ','Czech Republic','République tchèque'),('DE','Germany','Allemagne'),('DJ','Djibouti','Djibouti'),('DK','Denmark','Danemark'),('DM','Dominica','Dominique'),('DO','Dominican Republic','République dominicaine'),('DZ','Algeria','Algérie'),('EC','Ecuador','Équateur'),('EE','Estonia','Estonie'),('EG','Egypt','Égypte'),('EH','Western Sahara','Sahara Occidental'),('ER','Eritrea','Érythrée'),('ES','Spain','Espagne'),('ET','Ethiopia','Éthiopie'),('FI','Finland','Finlande'),('FJ','Fiji','Fidji'),('FK','Falkland Islands','Îles Malouines'),('FM','Micronesia, Federated States of','Micronésie, États fédérés de'),('FO','Faroe Islands','Îles Féroé'),('FR','France','France'),('GA','Gabon','Gabon'),('GB','United Kingdom','Royaume-Uni'),('GD','Grenada','Grenade'),('GE','Georgia','Géorgie'),('GF','French Guiana','Guyane française'),('GG','Guernsey','Guernesey'),('GH','Ghana','Ghana'),('GI','Gibraltar','Gibraltar'),('GL','Greenland','Groenland'),('GM','Gambia','Gambie'),('GN','Guinea','Guinée'),('GP','Guadeloupe','Guadeloupe'),('GQ','Equatorial Guinea','Guinée équatoriale'),('GR','Greece','Grèce'),('GS','South Georgia and the South Sandwich Islands','Géorgie du Sud et les îles Sandwich du Sud'),('GT','Guatemala','Guatemala'),('GU','Guam','Guam'),('GW','Guinea-Bissau','Guinée-Bissau'),('GY','Guyana','Guyana'),('HK','Hong Kong','Hong Kong'),('HM','Heard and McDonald Islands','Îles Heard et McDonald'),('HN','Honduras','Honduras'),('HR','Croatia','Croatie'),('HT','Haiti','Haïti'),('HU','Hungary','Hongrie'),('ID','Indonesia','Indonésie'),('IE','Ireland','Irlande'),('IL','Israel','Israël'),('IM','Isle of Man','Île de Man'),('IN','India','Inde'),('IO','British Indian Ocean Territory','Territoire britannique de l océan Indien'),('IQ','Iraq','Irak'),('IR','Iran','Iran'),('IS','Iceland','Islande'),('IT','Italy','Italie'),('JE','Jersey','Jersey'),('JM','Jamaica','Jamaïque'),('JO','Jordan','Jordanie'),('JP','Japan','Japon'),('KE','Kenya','Kenya'),('KG','Kyrgyzstan','Kirghizistan'),('KH','Cambodia','Cambodge'),('KI','Kiribati','Kiribati'),('KM','Comoros','Comores'),('KN','Saint Kitts and Nevis','Saint-Kitts-et-Nevis'),('KP','North Korea','Corée du Nord'),('KR','South Korea','Corée du Sud'),('KW','Kuwait','Koweït'),('KY','Cayman Islands','Îles Caïmans'),('KZ','Kazakhstan','Kazakhstan'),('LA','Lao Peoples Democratic Republic','Laos'),('LB','Lebanon','Liban'),('LC','Saint Lucia','Sainte-Lucie'),('LI','Liechtenstein','Liechtenstein'),('LK','Sri Lanka','Sri Lanka'),('LR','Liberia','Libéria'),('LS','Lesotho','Lesotho'),('LT','Lithuania','Lituanie'),('LU','Luxembourg','Luxembourg'),('LV','Latvia','Lettonie'),('LY','Libya','Libye'),('MA','Morocco','Maroc'),('MC','Monaco','Monaco'),('MD','Moldova','Moldavie'),('ME','Montenegro','Monténégro'),('MF','Saint-Martin (France)','Saint-Martin (France)'),('MG','Madagascar','Madagascar'),('MH','Marshall Islands','Îles Marshall'),('MK','Macedonia','Macédoine'),('ML','Mali','Mali'),('MM','Myanmar','Myanmar'),('MN','Mongolia','Mongolie'),('MO','Macau','Macao'),('MP','Northern Mariana Islands','Mariannes du Nord'),('MQ','Martinique','Martinique'),('MR','Mauritania','Mauritanie'),('MS','Montserrat','Montserrat'),('MT','Malta','Malte'),('MU','Mauritius','Maurice'),('MV','Maldives','Maldives'),('MW','Malawi','Malawi'),('MX','Mexico','Mexique'),('MY','Malaysia','Malaisie'),('MZ','Mozambique','Mozambique'),('NA','Namibia','Namibie'),('NC','New Caledonia','Nouvelle-Calédonie'),('NE','Niger','Niger'),('NF','Norfolk Island','Île Norfolk'),('NG','Nigeria','Nigeria'),('NI','Nicaragua','Nicaragua'),('NL','The Netherlands','Pays-Bas'),('NO','Norway','Norvège'),('NP','Nepal','Népal'),('NR','Nauru','Nauru'),('NU','Niue','Niue'),('NZ','New Zealand','Nouvelle-Zélande'),('OM','Oman','Oman'),('PA','Panama','Panama'),('PE','Peru','Pérou'),('PF','French Polynesia','Polynésie française'),('PG','Papua New Guinea','Papouasie-Nouvelle-Guinée'),('PH','Philippines','Philippines'),('PK','Pakistan','Pakistan'),('PL','Poland','Pologne'),('PM','St. Pierre and Miquelon','Saint-Pierre-et-Miquelon'),('PN','Pitcairn','Pitcairn'),('PR','Puerto Rico','Puerto Rico'),('PS','Palestine, State of','Palestine'),('PT','Portugal','Portugal'),('PW','Palau','Palau'),('PY','Paraguay','Paraguay'),('QA','Qatar','Qatar'),('RE','Réunion','Réunion'),('RO','Romania','Roumanie'),('RS','Serbia','Serbie'),('RU','Russian Federation','Russie'),('RW','Rwanda','Rwanda'),('SA','Saudi Arabia','Arabie saoudite'),('SB','Solomon Islands','Îles Salomon'),('SC','Seychelles','Seychelles'),('SD','Sudan','Soudan'),('SE','Sweden','Suède'),('SG','Singapore','Singapour'),('SH','Saint Helena','Sainte-Hélène'),('SI','Slovenia','Slovénie'),('SJ','Svalbard and Jan Mayen Islands','Svalbard et île de Jan Mayen'),('SK','Slovakia','Slovaquie'),('SL','Sierra Leone','Sierra Leone'),('SM','San Marino','Saint-Marin'),('SN','Senegal','Sénégal'),('SO','Somalia','Somalie'),('SR','Suriname','Suriname'),('SS','South Sudan','Soudan du Sud'),('ST','Sao Tome and Principe','Sao Tomé-et-Principe'),('SV','El Salvador','El Salvador'),('SX','Sint Maarten (Dutch part)','Saint-Martin (Pays-Bas)'),('SY','Syria','Syrie'),('SZ','Swaziland','Swaziland'),('TC','Turks and Caicos Islands','Îles Turks et Caicos'),('TD','Chad','Tchad'),('TF','French Southern Territories','Terres australes françaises'),('TG','Togo','Togo'),('TH','Thailand','Thaïlande'),('TJ','Tajikistan','Tadjikistan'),('TK','Tokelau','Tokelau'),('TL','Timor-Leste','Timor-Leste'),('TM','Turkmenistan','Turkménistan'),('TN','Tunisia','Tunisie'),('TO','Tonga','Tonga'),('TR','Turkey','Turquie'),('TT','Trinidad and Tobago','Trinité-et-Tobago'),('TV','Tuvalu','Tuvalu'),('TW','Taiwan','Taïwan'),('TZ','Tanzania','Tanzanie'),('UA','Ukraine','Ukraine'),('UG','Uganda','Ouganda'),('UM','United States Minor Outlying Islands','Îles mineures éloignées des États-Unis'),('US','United States','États-Unis'),('UY','Uruguay','Uruguay'),('UZ','Uzbekistan','Ouzbékistan'),('VA','Vatican','Vatican'),('VC','Saint Vincent and the Grenadines','Saint-Vincent-et-les-Grenadines'),('VE','Venezuela','Venezuela'),('VG','Virgin Islands (British)','Îles Vierges britanniques'),('VI','Virgin Islands (U.S.)','Îles Vierges américaines'),('VN','Vietnam','Vietnam'),('VU','Vanuatu','Vanuatu'),('WF','Wallis and Futuna Islands','Îles Wallis-et-Futuna'),('WS','Samoa','Samoa'),('YE','Yemen','Yémen'),('YT','Mayotte','Mayotte'),('ZA','South Africa','Afrique du Sud'),('ZM','Zambia','Zambie'),('ZW','Zimbabwe','Zimbabwe');

-- DEPARTMENTS --
INSERT INTO bmobile.departments (id, label, ver_nr) VALUES ('BIN','Informatique de gestion',0),('BBM','Biologie médicale',0),('BCH','Chimie',0),('BDI','Diététique',0),('BIM','Imagerie médicale',0);

-- PROGRAMS --
INSERT INTO bmobile.programs (name, description, ver_nr) VALUES
  ('Erasmus+','Fonds de la Commission européenne pour les étudiants qui partent dans les pays de l''UE autre que la Belgique.',0 ),
  ('Erabel','Fonds nationaux pour les étudiants qui vont dans une autre communauté linguistique.',0),
  ('FAME','Fonds nationaux pour les étudiants qui vont dans un pays pour lequel l''Europe ne soutient pas la mobilité étudiante',0);

-- ID PROGRAMS TO COUNTRY - ERASMUS+ --
-- 1 = Erasums+, 2 = Erabel, 3 = Fame --
UPDATE bmobile.countries SET id_program = 1 WHERE iso = 'AT' OR iso = 'DK' OR iso = 'FI' OR iso = 'FR' OR iso = 'IE'
                                                  OR iso = 'LI' OR iso = 'NO' OR iso = 'SE' OR iso = 'GB' OR iso = 'HR'
                                                  OR iso = 'CZ' OR iso = 'CY' OR iso = 'DE' OR iso = 'GR' OR iso = 'IS'
                                                  OR iso = 'LU' OR iso = 'NL' OR iso = 'PT' OR iso = 'SI' OR iso = 'ES'
                                                  OR iso = 'TR' OR iso = 'BG' OR iso = 'EE' OR iso = 'HU' OR iso = 'LV'
                                                  OR iso = 'LT' OR iso = 'MT' OR iso = 'PL' OR iso = 'RO' OR iso = 'MK'
                                                  OR iso = 'IT' OR iso = 'SK' OR iso = 'CH';

UPDATE bmobile.countries SET id_program = 2 WHERE iso = 'BE';
UPDATE bmobile.countries SET id_program = 3 WHERE id_program IS NULL ;


-- USERS --
-- password TEACHER = mdpadmin -  password STUDENT = mdpstudent --
INSERT INTO bmobile.users (id, id_department, pseudo, password, name, firstname, email, permissions) VALUES
(DEFAULT, 'BIN', 'lehmann', '$2a$10$qOSl9dCvUcBHeBNbKqj9JO5sgEJno8BvzgLq4HCaRLP9hhVGNP566', 'Lehmann', 'Brigitte', 'brigitte.lehmann@vinci.be','TEACHER'),
(DEFAULT, 'BIN', 'grolaux', '$2a$10$qOSl9dCvUcBHeBNbKqj9JO5sgEJno8BvzgLq4HCaRLP9hhVGNP566', 'Grolaux', 'Donatien', 'donatien.grolaux@vinci.be','TEACHER'),
(DEFAULT, 'BDI', 'kiroule', '$2a$10$.Ne7tUXEu9GWkMDUXyCF5e0kCZ6nsECV2W/j8iypMH8/N26qB.NWy', 'Kiroule', 'Pierre', 'pierre.kiroule@vinci.be','STUDENT'),
(DEFAULT, 'BIN', 'pamousse', '$2a$10$.Ne7tUXEu9GWkMDUXyCF5e0kCZ6nsECV2W/j8iypMH8/N26qB.NWy', 'Pamousse', 'Namasse', 'namasse.pamousse@vinci.be','STUDENT');

INSERT INTO bmobile.users (id, id_department, pseudo, password, name, firstname, email, permissions, iban, bic)
VALUES (DEFAULT, 'BDI', 'tatilotetatou', '$2a$10$.Ne7tUXEu9GWkMDUXyCF5e0kCZ6nsECV2W/j8iypMH8/N26qB.NWy', 'Tatilotetatou', 'Tonthe', 'tonthe.tatilotetatou@vinci.be','STUDENT', 'BE73000000006060', 'BPOTBEB1');

-- PARTNERS --
INSERT INTO bmobile.partners (id, id_user, legal_name, business_name, full_name, department, type, nb_employees, street, number, mailbox, zip, city, state, country, tel, email, website, exists, deleted, ver_nr) VALUES
(DEFAULT, 1, 'Dublin Institute of Technology', 'Dublin Institute of Technology', 'Dublin Institute of Technology', 'School of Computing', 'TGE', 2000, 'Rathmines Road', '143', null, 'Dublin 6', 'Dublin', null, 'IE', null, 'peter.dalton@dit.ie', 'www.dit.ie', true, false, 0),
(DEFAULT, 1, 'UNIVERSITY COLLEGE LEUVEN LIMBURG', 'UNIVERSITY COLLEGE LEUVEN LIMBURG', 'UNIVERSITY COLLEGE LEUVEN LIMBURG', 'Applied Information Technology (BIN) - Health & Wellfare(BDI)', null, 0, null, null, null, '3000', 'Leuven', 'Vlaams Brabant', 'BE', '003216375245', 'griet.tservanckx@ucl.be', 'http://www.ucll.be', true, false, 0),
(DEFAULT, 4, 'Université du Sanglier', 'Université du Sanglier', 'Université du Sanglier', 'Une ardeur d''avance', 'TGE', 1984, 'Rue du Faing', '10', null, '6810', 'Jamoigne', 'Luxembourg', 'LU', null, 'jamoigne@lux.be', null, false, false, 0);

INSERT INTO bmobile.partners_departments (id_partner, id_department, ver_nr) VALUES
(1, 'BIN', 0),
(2, 'BDI', 0),
(2, 'BIN', 0),
(3, 'BIN', 0);

-- MOBILITIES --
INSERT INTO bmobile.mobilities (id, id_student, id_program, id_partner, type, preference_order, country, id_department, quadrimester, status, amount, first_payment_date, second_payment_date, canceled, departure_grant_contract, departure_convention_internship_schoolarship, departure_student_convention, departure_erasmus_language_test, departure_doc_aggreement, depart_doc_sent_highschool, software_proeco, software_mobility_tools, software_mobi, return_residence_cert, return_transcript, return_internship_cert, return_final_report, return_erasmus_language_test, return_doc_sent_highschool, cancelation_reason, academic_year, ver_nr) VALUES
(DEFAULT, 4, 2, 2, 'SMS', 2, 'BE', 'BIN', 1, 'En attente', 0, false, false, false, false, false, false, false, false, false, false, false, false, false, false, false, false, false, false, null, '2015-2016', 0),
(DEFAULT, 4, 1, 1, 'SMS', 1, 'IE', 'BIN', 1, 'En attente', 0, false, false, false, false, false, false, false, false, false, false, false, false, false, false, false, false, false, false, null, '2015-2016', 0),
(DEFAULT, 4, 1, null, 'SMP', 3, 'GB', 'BIN', 0, 'En attente', 0, false, false, false, false, false, false, false, false, false, false, false, false, false, false, false, false, false, false, null, '2015-2016', 0),
(DEFAULT, 3, 2, null, 'SMP', 2, 'BE', 'BDI', 0, 'En attente', 0, false, false, false, false, false, false, false, false, false, false, false, false, false, false, false, false, false, false, null, '2015-2016', 0),
(DEFAULT, 3, 1, null, 'SMP', 3, 'CH', 'BDI', 0, 'En attente', 0, false, false, false, false, false, false, false, false, false, false, false, false, false, false, false, false, false, false, null, '2015-2016', 0),
(DEFAULT, 3, 2, 2, 'SMS', 1, 'BE', 'BDI', 0, 'En attente', 0, false, false, false, false, false, false, false, false, false, false, false, false, false, false, false, false, false, false, null, '2015-2016', 0),
(DEFAULT, 5, 1, null, 'SMP', 2, 'FR', 'BDI', 0, 'En attente', 0, false, false, false, false, false, false, false, false, false, false, false, false, false, false, false, false, false, false, null, '2015-2016', 0),
(DEFAULT, 5, 2, 2, 'SMS', 1, 'BE', 'BDI', 0, 'En attente', 0, false, false, false, false, false, false, false, false, false, false, false, false, false, false, false, false, false, false, null, '2015-2016', 0);
